"Effect","F Value PIT_T","P(>F) PIT_T","F Value NOPPT_T","P(>F) NOPPT_T","F Value Grain Yield","P(>F) Grain Yield"
"Genotype",70.305677075076,1.35891651901183e-47,71.7573405401898,2.79580982265231e-48,315.539187521301,1.09455318805101e-113
"Treatment",52.2590296210623,4.56398261492867e-12,65.7921355603862,1.54482382135575e-14,89.4743877142801,1.2312361871879e-18
"Environment",13.8543360025473,1.35450007150133e-05,4.62361978379626,0.0101366135132836,137.366200438745,5.12120324330461e-16
"Genotype:Treatment",1.6021185956183,0.159523665095134,2.25654537989486,0.0490209787850895,8.5633106571955,1.43310059485906e-07
"Genotype:Environment",1.96907640652808,0.0174219126092103,2.18567557205092,0.00702367598830738,18.245304801353,1.53573962446814e-33
"Treatment:Environment",7.62333820287621,6.42977942680519e-05,10.6577207005213,1.1691695116132e-06,1.41360939623479,0.238978268210858
"Genotype:Treatment:Environment",0.780636469403783,0.698953947100691,0.860678898948574,0.609107883096005,1.06473328019503,0.389375719117403
